Label,6,8,9,11,21
PU1757_NE1757.1,AHom,AHom,AHom,AHom,AHom
PU1588_NE1588.1,Het,RHom,RHom,Het,Het
PU1588_NE1588.2,RHom,RHom,RHom,RHom,RHom
PU1788_NE1788.1,AHom,RHom,RHom,RHom,RHom
PU1788_NE1788.2,AHom,Het,AHom,RHom,RHom
PU2208_NE2208.1,AHom,AHom,AHom,Het,AHom
PU2208_NE2208.2,AHom,Het,AHom,AHom,AHom
PU2208_NE2208.3,AHom,AHom,AHom,AHom,AHom
PU2208_NE2208.4,AHom,AHom,AHom,Het,Het
PU2208_NE2208.5,AHom,Het,AHom,RHom,Het
PU2248_NE2248.1,AHom,AHom,AHom,AHom,Het
PU2248_NE2248.2,AHom,AHom,AHom,RHom,AHom
PU2248_NE2248.3,AHom,AHom,AHom,AHom,AHom
PU2248_NE2248.4,AHom,AHom,AHom,AHom,AHom
PU2248_NE2248.5,AHom,AHom,AHom,AHom,AHom
PU2251_NE2251.1,AHom,RHom,Het,Het,AHom
PU2251_NE2251.2,AHom,Het,Het,AHom,Het
PU2251_NE2251.3,AHom,AHom,AHom,AHom,AHom
PU2251_NE2251.4,AHom,AHom,AHom,Het,AHom
PU2252_NE2252.1,AHom,AHom,Het,Het,AHom
PU2252_NE2252.2,Het,Het,Het,AHom,Het
PU2252_NE2252.3,AHom,RHom,AHom,RHom,Het
PU2252_NE2252.4,AHom,AHom,Het,Het,AHom
PU2252_NE2252.5,AHom,RHom,Het,Het,Het
PU2253_NE2253.1,AHom,Het,RHom,Het,Het
PU2253_NE2253.2,Het,Het,AHom,Het,RHom
PU2253_NE2253.3,Het,Het,Het,Het,Het
PU2253_NE2253.4,AHom,Het,Het,Het,Het
PU2253_NE2253.5,AHom,AHom,Het,Het,Het
PU2254_NE2254.1,RHom,Het,Het,RHom,Het
PU2254_NE2254.2,Het,RHom,Het,Het,RHom
PU2254_NE2254.3,RHom,RHom,AHom,Het,RHom
PU2254_NE2254.4,Het,RHom,Het,RHom,AHom
PU2254_NE2254.5,Het,AHom,AHom,Het,Het
PU2256_NE2256.2,AHom,Het,AHom,RHom,RHom
PU2256_NE2256.3,AHom,RHom,Het,Het,AHom
PU2256_NE2256.4,Het,RHom,AHom,RHom,AHom
PU2256_NE2256.5,AHom,Het,AHom,RHom,Het
Carmichael_NECarmichael.1,AHom,AHom,AHom,AHom,AHom
Carmichael_NECarmichael.2,AHom,AHom,AHom,AHom,AHom
Carmichael_NECarmichael.3,AHom,AHom,AHom,AHom,AHom
Carmichael_NECarmichael.4,AHom,AHom,AHom,AHom,AHom
Carmichael_NECarmichael.5,AHom,AHom,AHom,AHom,AHom
PU0252_NE0252.1,AHom,AHom,AHom,Het,AHom
PU0252_NE0252.2,AHom,AHom,AHom,Het,AHom
PU1443_NE1443.1,AHom,AHom,AHom,AHom,AHom
PU1443_NE1443.2,AHom,AHom,AHom,Het,AHom
PU0252_NE0252.3,AHom,AHom,AHom,AHom,AHom
PU1202_NE1202.1,AHom,AHom,AHom,AHom,AHom
PU1202_NE1202.2,AHom,AHom,AHom,Het,AHom
PU1206_NE1206.1,AHom,AHom,AHom,AHom,AHom
PU1206_NE1206.2,AHom,AHom,AHom,AHom,AHom
PU1436_NE1436.1,AHom,Het,AHom,Het,AHom
PU1436_NE1436.2,AHom,Het,AHom,AHom,AHom
PU09114_NE09114.1,AHom,Het,Het,Het,AHom
PU09110_NE09110.1,AHom,AHom,AHom,Het,RHom
PU09110_NE09110.2,AHom,AHom,Het,RHom,AHom
PU1765_NE1765.1,Het,AHom,Het,RHom,AHom
PU1765_NE1765.2,Het,Het,Het,RHom,AHom
PU2219_NE2219.1,AHom,AHom,Het,Het,AHom
PU2219_NE2219.2,AHom,AHom,AHom,Het,AHom
PU14115_NE14115.1,Het,Het,AHom,AHom,AHom
PU14115_NE14115.2,AHom,AHom,AHom,AHom,Het
PU2262_NE2262.1,Het,Het,RHom,RHom,Het
PU1756_NE1756.1,Het,Het,AHom,Het,Het
PU1756_NE1756.2,AHom,AHom,AHom,Het,Het
Adelaide_NEAdelaide.1,RHom,RHom,RHom,RHom,RHom
Adelaide_NEAdelaide.2,Het,RHom,RHom,RHom,RHom
Adelaide_NEAdelaide.3,AHom,AHom,RHom,RHom,RHom
Adelaide_NEAdelaide.4,AHom,RHom,RHom,RHom,Het
Ashburton_NEAshburton.1,RHom,RHom,RHom,RHom,RHom
Ashburton_NEAshburton.2,RHom,RHom,RHom,RHom,RHom
Ashburton_NEAshburton.3,RHom,RHom,RHom,RHom,RHom
Ashburton_NEAshburton.4,RHom,RHom,RHom,RHom,RHom
Longreach_NELongreach.1,AHom,RHom,AHom,AHom,AHom
Longreach_NELongreach.2,AHom,Het,AHom,Het,AHom
Blyth_NEBlyth.1,RHom,RHom,RHom,RHom,RHom
Blyth_NEBlyth.2,RHom,RHom,RHom,RHom,RHom
PU1426_NE1426.1,AHom,Het,AHom,AHom,AHom
PU1426_NE1426.2,AHom,AHom,AHom,Het,RHom
PU1425_NE1425.1,AHom,Het,AHom,RHom,AHom
PU1425_NE1425.2,AHom,AHom,AHom,Het,AHom
Plain_NEPlain.1,Het,RHom,RHom,RHom,RHom
PU1524_NE1524.1,AHom,RHom,Het,Het,Het
PU1524_NE1524.2,Het,Het,AHom,Het,Het
Clints_NEClints.1,AHom,RHom,AHom,Het,Het
Clints_NEClints.2,AHom,Het,AHom,Het,Het
Cullen_NECullen.1,AHom,Het,Het,Het,Het
Cullen_NECullen.2,AHom,AHom,AHom,Het,Het
Policemans1_NEPolicemans.1b,RHom,RHom,RHom,RHom,RHom
DeGray_NEDeGray.1,RHom,RHom,RHom,RHom,RHom
PU1544_NE1544.1,AHom,RHom,Het,AHom,AHom
PU1544_NE1544.2,AHom,RHom,AHom,AHom,AHom
Finniss_NEFinniss.1,Het,Het,RHom,RHom,RHom
Finniss_NEFinniss.2,AHom,RHom,RHom,Het,RHom
Manning_NEManning.1,AHom,RHom,RHom,RHom,RHom
Manning_NEManning.2,AHom,RHom,RHom,RHom,RHom
Blina_NEBlina.1,AHom,RHom,RHom,RHom,RHom
Blina_NEBlina.2,RHom,RHom,RHom,RHom,RHom
Blina_NEBlina.3,Het,RHom,RHom,RHom,RHom
Blina_NEBlina.4,Het,RHom,RHom,RHom,RHom
Fortescue_NEFortescue.1,RHom,RHom,RHom,RHom,RHom
Fortescue_NEFortescue.2,RHom,RHom,RHom,RHom,RHom
Fortescue_NEFortescue.3,RHom,RHom,RHom,RHom,RHom
Fortescue_NEFortescue.4,RHom,RHom,RHom,RHom,RHom
Angurrkburna_NEAngurrkburna.1,Het,RHom,Het,RHom,RHom
Dillie_NEDillie.1,RHom,RHom,RHom,RHom,RHom
Dillie_NEDillie.2,Het,RHom,RHom,RHom,RHom
Koolatong_NEKoolatong.1,Het,RHom,RHom,RHom,RHom
PU1427_NE1427.1,AHom,Het,Het,Het,Het
PU1427_NE1427.2,AHom,AHom,Het,Het,Het
PU1433_NE1433.1,AHom,AHom,AHom,Het,AHom
PU1433_NE1433.2,AHom,AHom,AHom,AHom,AHom
PU1434_NE1434.1,AHom,AHom,AHom,Het,AHom
PU1434_NE1434.2,AHom,Het,AHom,Het,AHom
PU2450_NE2450.1,AHom,AHom,AHom,AHom,AHom
PU2450_NE2450.2,AHom,AHom,AHom,Het,AHom
Bobbiemoonga_NEBobbiemoonga.1,AHom,Het,Het,Het,Het
Bobbiemoonga_NEBobbiemoonga.2,AHom,Het,Het,Het,AHom
Frome_NEFrome.1,Het,AHom,Het,RHom,Het
Frome_NEFrome.2,AHom,Het,RHom,AHom,AHom
Finke_NEFinke.1,AHom,Het,Het,Het,AHom
Finke_NEFinke.2,AHom,Het,RHom,Het,Het
Finke_NEFinke.3,AHom,Het,RHom,RHom,Het
Finke_NEFinke.4,AHom,Het,RHom,RHom,AHom
Machettie_NEMachettie.1,AHom,Het,Het,RHom,AHom
Machettie_NEMachettie.2,Het,RHom,Het,RHom,AHom
Gunpowder_NEGunpowder.1,AHom,AHom,AHom,AHom,AHom
Gunpowder_NEGunpowder.2,AHom,Het,AHom,AHom,AHom
26Mile_NE26Mile.1,AHom,AHom,AHom,AHom,AHom
Libby_NELibby.1,Het,Het,AHom,Het,AHom
Ooratippra_NEOoratippra.1,AHom,AHom,AHom,Het,AHom
Ooratippra_NEOoratippra.2,AHom,AHom,AHom,RHom,AHom
Macumba_NEMacumba.1,AHom,AHom,AHom,Het,AHom
Macumba_NEMacumba.2,AHom,AHom,AHom,Het,AHom
Peake_NEPeake.1,Het,Het,AHom,Het,RHom
Peake_NEPeake.2,AHom,Het,AHom,Het,Het
Stewart_NEStewart.1,AHom,AHom,AHom,RHom,Het
Stewart_NEStewart.2,AHom,AHom,AHom,Het,Het
LeichhardtFalls_NELeichhardtFalls.1,AHom,AHom,AHom,AHom,AHom
LeichhardtFalls_NELeichardtFalls.2,AHom,AHom,Het,AHom,AHom
Liverpool_NELiverpool.1,RHom,RHom,RHom,RHom,RHom
Mann_NEMann.1,Het,RHom,Het,RHom,Het
Mann_NEMann.2,AHom,Het,AHom,RHom,RHom
McArthur_NEMcArthur.1,RHom,RHom,RHom,RHom,RHom
PU1608_NE1608.5a,AHom,AHom,AHom,RHom,Het
PU1608_NE1608.1,AHom,Het,AHom,Het,AHom
PU1608_NE1608.2,AHom,Het,RHom,Het,Het
PU1608_NE1608.3,AHom,RHom,Het,RHom,Het
PU1608_NE1608.4,AHom,Het,AHom,RHom,Het
PU1608_NE1608.5b,AHom,AHom,AHom,RHom,Het
Swanport_BB11,AHom,AHom,AHom,AHom,AHom
Swanport_BB12,AHom,Het,AHom,AHom,AHom
Swanport_BB13,AHom,AHom,AHom,AHom,AHom
Swanport_BB14,AHom,AHom,AHom,AHom,AHom
Swanport_BB15,AHom,AHom,AHom,Het,AHom
Swanport_BB16,AHom,AHom,AHom,Het,Het
Swanport_BB17,AHom,AHom,AHom,Het,AHom
Swanport_BB18,AHom,AHom,AHom,Het,Het
Swanport_BB19,AHom,AHom,AHom,Het,AHom
Swanport_BB20,AHom,Het,Het,AHom,AHom
PU1463_NE1463.1,AHom,Het,AHom,Het,Het
PU1463_NE1463.2,AHom,AHom,AHom,AHom,Het
PU1626_NE1626.1,AHom,AHom,AHom,RHom,Het
PU1626_NE1626.2,AHom,AHom,AHom,AHom,AHom
PU1429_NE1429.1,AHom,AHom,AHom,AHom,AHom
PU1429_NE1429.2,AHom,AHom,AHom,AHom,AHom
PU1323_NE1223.1,AHom,AHom,Het,Het,Het
PU1323_NE1223.2,AHom,AHom,AHom,AHom,AHom
27_Mile_BB1,AHom,AHom,RHom,RHom,Het
27_Mile_BB2,AHom,Het,Het,Het,RHom
27_Mile_BB3,AHom,RHom,Het,RHom,Het
27_Mile_BB4,AHom,AHom,RHom,Het,RHom
27_Mile_BB5,AHom,RHom,Het,Het,Het
27_Mile_BB6,AHom,Het,RHom,RHom,Het
27_Mile_BB7,AHom,Het,Het,RHom,RHom
27_Mile_BB8,AHom,Het,RHom,Het,Het
27_Mile_BB9,AHom,Het,Het,Het,RHom
27_Mile_BB10,AHom,RHom,Het,RHom,Het
Cunnamulla_NE9963.1,AHom,AHom,Het,Het,Het
Cunnamulla_NE9963.2,AHom,AHom,AHom,Het,AHom
Cunnamulla_NE9963.3,AHom,AHom,Het,AHom,AHom
Cunnamulla_NE9963.4,AHom,AHom,AHom,Het,AHom
Cunnamulla_NE9963.5,AHom,AHom,AHom,Het,RHom
Cunnamulla_NE9963.6,AHom,Het,AHom,RHom,AHom
Cunnamulla_NE9963.7,AHom,AHom,AHom,AHom,AHom
Cunnamulla_NE9963.8,AHom,AHom,AHom,Het,AHom
Cunnamulla_NE9963.9,AHom,AHom,AHom,AHom,AHom
Cunnamulla_NE9963.10,AHom,AHom,AHom,AHom,Het
Cunnamulla_NE9963.11,AHom,AHom,AHom,AHom,RHom
Cunnamulla_NE1423.1,AHom,AHom,AHom,AHom,Het
Cunnamulla_NE1423.2,AHom,AHom,AHom,Het,Het
Cunnamulla_NE1423.3,AHom,Het,AHom,RHom,Het
Cunnamulla_NE1423.4,AHom,AHom,AHom,Het,Het
Cunnamulla_NE1423.5,AHom,AHom,AHom,Het,AHom
Cunnamulla_NE1423.6,AHom,AHom,AHom,AHom,AHom
Cunnamulla_NE1423.7,AHom,AHom,Het,RHom,AHom
Cunnamulla_NE1423.8,AHom,AHom,AHom,Het,Het
Cunnamulla_NE1423.9,AHom,AHom,AHom,AHom,AHom
Cunnamulla_NE1423.10,AHom,AHom,AHom,Het,AHom
Walker_NEWalker.1,AHom,Het,Het,Het,Het
Walker_NEWalker.2,AHom,AHom,Het,Het,AHom
Spillway_NESpillway.1,RHom,Het,RHom,RHom,RHom
Spillway_NESpillway.2,Het,RHom,RHom,RHom,RHom
Dawn_NEDawn.1,AHom,Het,Het,AHom,RHom
Dawn_NEDawn.2,AHom,AHom,Het,Het,Het
Jackaroos_NEJackaroos.1,AHom,Het,RHom,Het,RHom
Jackaroos_NEJackaroos.2,AHom,Het,Het,RHom,RHom
Meekam_NEMeekam.1,AHom,AHom,AHom,AHom,AHom
Meekam_NEMeekam.2,Het,AHom,AHom,Het,AHom
Wilton_NEWilton.1,AHom,Het,Het,AHom,RHom
Wilton_NEWilton.2,Het,Het,Het,Het,RHom
JimJim_NEJimJim.1,AHom,Het,RHom,RHom,RHom
Kambolgi_NEKambolgi.1,Het,RHom,Het,RHom,RHom
Sherlock_NESherlock.1,RHom,RHom,RHom,RHom,RHom
Sherlock_NESherlock.2,RHom,RHom,RHom,RHom,RHom
Victoria_NEHumbert.1,Het,Het,Het,Het,RHom
Angalarri_NEAngalarri.1,AHom,Het,Het,Het,AHom
Angalarri_NEAngalarri.2,AHom,AHom,Het,RHom,RHom
Wenlock_NEWenlock.1,RHom,Het,RHom,RHom,RHom
Wenlock_NEWenlock.2,Het,RHom,RHom,RHom,AHom
